Date,Cases,Death,Anxieity disorder,Depressive disorder
1/20/2020,1,1,,
1/21/2020,1,0,,
1/22/2020,1,0,,
1/23/2020,1,0,,
1/24/2020,1,0,,
1/25/2020,6,5,,
1/26/2020,7,1,,
1/27/2020,7,0,,
1/28/2020,8,1,,
1/29/2020,8,0,,
1/30/2020,8,0,,
1/31/2020,8,0,,
2/1/2020,8,0,,
2/2/2020,9,1,,
2/3/2020,10,1,,
2/4/2020,13,3,,
2/5/2020,17,4,,
2/6/2020,19,2,,
2/7/2020,19,0,,
2/8/2020,19,0,,
2/9/2020,20,1,,
2/10/2020,20,0,,
2/11/2020,20,0,,
2/12/2020,20,0,,
2/13/2020,20,0,,
2/14/2020,22,2,,
2/15/2020,23,1,,
2/16/2020,24,1,,
2/17/2020,24,0,,
2/18/2020,24,0,,
2/19/2020,26,2,,
2/20/2020,31,5,,
2/21/2020,34,3,,
2/22/2020,35,1,,
2/23/2020,40,5,,
2/24/2020,48,8,,
2/25/2020,48,0,,
2/26/2020,52,4,,
2/27/2020,56,4,,
2/28/2020,64,8,,
2/29/2020,69,5,,
3/1/2020,73,4,,
3/2/2020,82,9,,
3/3/2020,100,18,,
3/4/2020,135,35,,
3/5/2020,186,51,,
3/6/2020,256,70,,
3/7/2020,334,78,,
3/8/2020,464,130,,
3/9/2020,610,146,,
3/10/2020,822,212,,
3/11/2020,1212,390,,
3/12/2020,1709,497,,
3/13/2020,2234,525,,
3/14/2020,2961,727,,
3/15/2020,3929,968,,
3/16/2020,5148,1219,,
3/17/2020,7283,2135,,
3/18/2020,9652,2369,,
3/19/2020,12881,3229,,
3/20/2020,17743,4862,,
3/21/2020,23856,6113,,
3/22/2020,31415,7559,,
3/23/2020,40525,9110,,
3/24/2020,51290,10765,,
3/25/2020,62044,10754,,
3/26/2020,73376,11332,,
3/27/2020,87491,14115,,
3/28/2020,105965,18474,,
3/29/2020,126309,20344,,
3/30/2020,146982,20673,,
3/31/2020,173143,26161,,
4/1/2020,188679,15536,,
4/2/2020,211939,23260,,
4/3/2020,240613,28674,,
4/4/2020,270403,29790,,
4/5/2020,302460,32057,,
4/6/2020,334594,32134,,
4/7/2020,361578,26984,,
4/8/2020,390207,28629,,
4/9/2020,419562,29355,,
4/10/2020,453710,34148,,
4/11/2020,488453,34743,,
4/12/2020,521632,33179,,
4/13/2020,553167,31535,,
4/14/2020,580261,27094,,
4/15/2020,605505,25244,,
4/16/2020,630764,25259,,
4/17/2020,655972,25208,,
4/18/2020,687466,31494,,
4/19/2020,717782,30316,,
4/20/2020,746063,28281,,
4/21/2020,772133,26070,,
4/22/2020,798561,26428,,
4/23/2020,824488,25927,30%,24%
4/24/2020,854958,30470,,
4/25/2020,888169,33211,,
4/26/2020,922947,34778,,
4/27/2020,956550,33603,,
4/28/2020,982613,26063,,
4/29/2020,1006371,23758,,
4/30/2020,1030306,23935,,
5/1/2020,1057080,26774,,
5/2/2020,1088301,31221,,
5/3/2020,1121383,33082,,
5/4/2020,1149675,28292,,
5/5/2020,1175602,25927,,
5/6/2020,1197926,22324,,
5/7/2020,1220804,22878,30%,24%
5/8/2020,1246244,25440,,
5/9/2020,1274796,28552,,
5/10/2020,1303629,28833,,
5/11/2020,1329546,25917,,
5/12/2020,1350202,20656,,
5/13/2020,1370152,19950,,
5/14/2020,1394054,23902,28%,24%
5/15/2020,1411390,17336,,
5/16/2020,1446033,34643,,
5/17/2020,1472661,26628,,
5/18/2020,1498742,26081,,
5/19/2020,1518659,19917,,
5/20/2020,1541403,22744,,
5/21/2020,1563326,21923,29%,25%
5/22/2020,1586832,23506,,
5/23/2020,1613023,26191,,
5/24/2020,1638986,25963,,
5/25/2020,1660451,21465,,
5/26/2020,1681102,20651,,
5/27/2020,1700481,19379,,
5/28/2020,1717991,17510,31%,25%
5/29/2020,1737499,19508,,
5/30/2020,1761681,24182,,
5/31/2020,1785422,23741,,
6/1/2020,1809549,24127,,
6/2/2020,1831015,21466,,
6/3/2020,1848172,17157,,
6/4/2020,1869146,20974,31%,26%
6/5/2020,1889841,20695,,
6/6/2020,1910711,20870,,
6/7/2020,1935202,24491,,
6/8/2020,1958487,23285,,
6/9/2020,1976942,18455,,
6/10/2020,1995093,18151,,
6/11/2020,2013674,18581,32%,25%
6/12/2020,2035855,22181,,
6/13/2020,2058745,22890,,
6/14/2020,2087078,28333,,
6/15/2020,2113512,26434,,
6/16/2020,2134290,20778,,
6/17/2020,2154881,20591,,
6/18/2020,2179658,24777,31%,26%
6/19/2020,2205474,25816,,
6/20/2020,2233994,28520,,
6/21/2020,2267099,33105,,
6/22/2020,2300566,33467,,
6/23/2020,2327911,27345,,
6/24/2020,2356609,28698,,
6/25/2020,2394496,37887,33%,27%
6/26/2020,2431816,37320,,
6/27/2020,2478837,47021,,
6/28/2020,2525377,46540,,
6/29/2020,2569030,43653,,
6/30/2020,2606613,37583,,
7/1/2020,2645130,38517,,
7/2/2020,2692383,47253,34%,28%
7/3/2020,2751725,59342,,
7/4/2020,2807177,55452,,
7/5/2020,2867543,60366,,
7/6/2020,2916521,48978,,
7/7/2020,2956934,40413,,
7/8/2020,3007697,50763,,
7/9/2020,3064451,56754,36%,28%
7/10/2020,3129226,64775,,
7/11/2020,3191169,61943,,
7/12/2020,3259748,68579,,
7/13/2020,3328010,68262,,
7/14/2020,3386690,58680,,
7/15/2020,3442977,56287,,
7/16/2020,3507493,64516,36%,30%
7/17/2020,3579882,72389,,
7/18/2020,3649063,69181,,
7/19/2020,3726015,76952,,
7/20/2020,3793339,67324,,
7/21/2020,3853351,60012,,
7/22/2020,3911870,58519,,
7/23/2020,3975206,63336,,
7/24/2020,4047622,72416,,
7/25/2020,4120764,73142,,
7/26/2020,4193916,73152,,
7/27/2020,4255512,61596,,
7/28/2020,4313271,57759,,
7/29/2020,4367278,54007,,
7/30/2020,4425986,58708,,
7/31/2020,4490841,64855,,
8/1/2020,4556982,66141,,
8/2/2020,4625166,68184,,
8/3/2020,4681578,56412,,
8/4/2020,4732427,50849,,
8/5/2020,4777756,45329,,
8/6/2020,4829812,52056,,
8/7/2020,4885404,55592,,
8/8/2020,4938569,53165,,
8/9/2020,5001075,62506,,
8/10/2020,5052754,51679,,
8/11/2020,5099227,46473,,
8/12/2020,5142604,43377,,
8/13/2020,5201562,58958,,
8/14/2020,5255954,54392,,
8/15/2020,5307476,51522,,
8/16/2020,5363737,56261,,
8/17/2020,5414874,51137,,
8/18/2020,5456369,41495,,
8/19/2020,5497958,41589,31%,25%
8/20/2020,5539583,41625,,
8/21/2020,5586157,46574,,
8/22/2020,5632344,46187,,
8/23/2020,5679525,47181,,
8/24/2020,5722075,42550,,
8/25/2020,5758285,36210,,
8/26/2020,5794001,35716,,
8/27/2020,5834575,40574,,
8/28/2020,5881005,46430,,
8/29/2020,5927925,46920,,
8/30/2020,5974471,46546,,
8/31/2020,6015379,40908,,
9/1/2020,6052014,36635,,
9/2/2020,6090710,38696,32%,24%
9/3/2020,6129888,39178,,
9/4/2020,6173535,43647,,
9/5/2020,6218807,45272,,
9/6/2020,6269724,50917,,
9/7/2020,6310853,41129,,
9/8/2020,6345090,34237,,
9/9/2020,6369966,24876,,
9/10/2020,6398020,28054,,
9/11/2020,6432680,34660,,
9/12/2020,6471263,38583,,
9/13/2020,6515345,44082,,
9/14/2020,6555716,40371,,
9/15/2020,6588604,32888,,
9/16/2020,6622940,34336,33%,25%
9/17/2020,6659755,36815,,
9/18/2020,6703665,43910,,
9/19/2020,6748195,44530,,
9/20/2020,6796322,48127,,
9/21/2020,6838503,42181,,
9/22/2020,6872953,34450,,
9/23/2020,6914351,41398,,
9/24/2020,6963879,49528,,
9/25/2020,7005520,41641,,
9/26/2020,7051481,45961,,
9/27/2020,7101096,49615,,
9/28/2020,7143131,42035,,
9/29/2020,7178682,35551,,
9/30/2020,7217084,38402,32%,25%
10/1/2020,7255965,38881,,
10/2/2020,7301885,45920,,
10/3/2020,7348509,46624,,
10/4/2020,7399444,50935,,
10/5/2020,7447171,47727,,
10/6/2020,7482945,35774,,
10/7/2020,7524547,41602,,
10/8/2020,7566201,41654,,
10/9/2020,7618795,52594,,
10/10/2020,7674899,56104,,
10/11/2020,7733693,58794,,
10/12/2020,7787909,54216,,
10/13/2020,7832332,44423,,
10/14/2020,7881476,49144,33%,26%
10/15/2020,7931973,50497,,
10/16/2020,7989202,57229,,
10/17/2020,8052248,63046,,
10/18/2020,8121327,69079,,
10/19/2020,8175875,54548,,
10/20/2020,8224762,48887,,
10/21/2020,8286124,61362,,
10/22/2020,8344865,58741,,
10/23/2020,8413522,68657,,
10/24/2020,8488425,74903,,
10/25/2020,8570765,82340,,
10/26/2020,8646946,76181,,
10/27/2020,8712556,65610,,
10/28/2020,8782140,69584,36%,28%
10/29/2020,8857101,74961,,
10/30/2020,8941511,84410,,
10/31/2020,9032641,91130,,
11/1/2020,9130159,97518,,
11/2/2020,9222942,92783,,
11/3/2020,9364524,141582,,
11/4/2020,9451712,87188,,
11/5/2020,9550211,98499,,
11/6/2020,9664086,113875,,
11/7/2020,9786916,122830,,
11/8/2020,9920253,133337,,
11/9/2020,10050063,129810,,
11/10/2020,10161711,111648,,
11/11/2020,10286198,124487,37%,29%
11/12/2020,10432149,145951,,
11/13/2020,10585809,153660,,
11/14/2020,10748109,162300,,
11/15/2020,10925098,176989,,
11/16/2020,11089337,164239,,
11/17/2020,11226901,137564,,
11/18/2020,11380275,153374,,
11/19/2020,11547627,167352,,
11/20/2020,11718531,170904,,
11/21/2020,11907212,188681,,
11/22/2020,12100581,193369,,
11/23/2020,12274442,173861,,
11/24/2020,12424225,149783,,
11/25/2020,12584636,160411,36%,29%
11/26/2020,12759819,175183,,
11/27/2020,12953919,194100,,
11/28/2020,13098948,145029,,
11/29/2020,13262982,164034,,
11/30/2020,13407557,144575,,
12/1/2020,13548629,141072,,
12/2/2020,13700534,151905,,
12/3/2020,13893252,192718,,
12/4/2020,14103326,210074,,
12/5/2020,14320108,216782,,
12/6/2020,14543914,223806,,
12/7/2020,14749489,205575,,
12/8/2020,14926398,176909,,
12/9/2020,15109489,183091,37%,30%
12/10/2020,15336471,226982,,
12/11/2020,15557722,221251,,
12/12/2020,15766557,208835,,
12/13/2020,16012396,245839,,
12/14/2020,16229549,217153,,
12/15/2020,16410824,181275,,
12/16/2020,16609028,198204,,
12/17/2020,16807678,198650,,
12/18/2020,17047944,240266,,
12/19/2020,17294449,246505,,
12/20/2020,17530324,235875,,
12/21/2020,17732613,202289,,
12/22/2020,17919042,186429,,
12/23/2020,18102595,183553,,
12/24/2020,18300354,197759,,
12/25/2020,18526554,226200,,
12/26/2020,18729104,202550,,
12/27/2020,18890446,161342,,
12/28/2020,19037565,147119,,
12/29/2020,19191907,154342,,
12/30/2020,19368681,176774,,
12/31/2020,19577585,208904,,
1/1/2021,19813403,235818,,
1/2/2021,20042895,229492,,
1/3/2021,20271441,228546,,
1/4/2021,20496759,225318,,
1/5/2021,20702217,205458,,
1/6/2021,20876531,174314,36%,28%
1/7/2021,21118972,242441,,
1/8/2021,21376722,257750,,
1/9/2021,21646487,269765,,
1/10/2021,21938592,292105,,
1/11/2021,22194886,256294,,
1/12/2021,22419370,224484,,
1/13/2021,22623492,204122,,
1/14/2021,22841268,217776,,
1/15/2021,23067646,226378,,
1/16/2021,23291229,223583,,
1/17/2021,23528547,237318,,
1/18/2021,23738058,209511,,
1/19/2021,23924641,186583,,
1/20/2021,24078846,154205,36%,28%
1/21/2021,24229079,150233,,
1/22/2021,24417345,188266,,
1/23/2021,24604989,187644,,
1/24/2021,24794408,189419,,
1/25/2021,24959920,165512,,
1/26/2021,25101474,141554,,
1/27/2021,25237065,135591,,
1/28/2021,25383008,145943,,
1/29/2021,25541973,158965,,
1/30/2021,25698795,156822,,
1/31/2021,25863033,164238,,
2/1/2021,26001856,138823,,
2/2/2021,26113794,111938,,
2/3/2021,26242837,129043,34%,28%
2/4/2021,26364167,121330,,
2/5/2021,26472836,108669,,
2/6/2021,26595456,122620,,
2/7/2021,26720283,124827,,
2/8/2021,26830463,110180,,
2/9/2021,26923394,92931,,
2/10/2021,27004120,80726,,
2/11/2021,27095537,91417,,
2/12/2021,27193876,98339,,
2/13/2021,27293424,99548,,
2/14/2021,27390855,97431,,
2/15/2021,27476076,85221,,
2/16/2021,27543489,67413,,
2/17/2021,27601555,58066,33%,28%
2/18/2021,27658426,56871,,
2/19/2021,27722196,63770,,
2/20/2021,27790764,68568,,
2/21/2021,27864340,73576,,
2/22/2021,27929850,65510,,
2/23/2021,27986478,56628,,
2/24/2021,28042299,55821,,
2/25/2021,28112461,70162,,
2/26/2021,28184819,72358,,
2/27/2021,28256817,71998,,
2/28/2021,28330091,73274,,
3/1/2021,28398389,68298,,
3/2/2021,28450959,52570,,
3/3/2021,28502073,51114,31%,26%
3/4/2021,28555834,53761,,
3/5/2021,28621877,66043,,
3/6/2021,28686736,64859,,
3/7/2021,28750830,64094,,
3/8/2021,28808540,57710,,
3/9/2021,28852298,43758,,
3/10/2021,28895001,42703,,
3/11/2021,28949089,54088,,
3/12/2021,29010844,61755,,
3/13/2021,29070608,59764,,
3/14/2021,29134830,64222,,
3/15/2021,29187104,52274,,
3/16/2021,29234334,47230,,
3/17/2021,29277866,43532,30%,25%
3/18/2021,29329672,51806,,
3/19/2021,29389260,59588,,
3/20/2021,29452359,63099,,
3/21/2021,29514381,62022,,
3/22/2021,29572837,58456,,
3/23/2021,29618065,45228,,
3/24/2021,29666293,48228,,
3/25/2021,29723977,57684,,
3/26/2021,29791998,68021,,
3/27/2021,29857365,65367,,
3/28/2021,29932199,74834,,
3/29/2021,29995402,63203,,
3/30/2021,30048658,53256,,
3/31/2021,30106672,58014,,
4/1/2021,30168461,61789,,
4/2/2021,30238028,69567,,
4/3/2021,30311713,73685,,
4/4/2021,30382159,70446,,
4/5/2021,30445854,63695,,
4/6/2021,30491576,45722,,
4/7/2021,30547976,56400,,
4/8/2021,30611633,63657,,
4/9/2021,30686260,74627,,
4/10/2021,30761694,75434,,
4/11/2021,30838109,76415,,
4/12/2021,30906220,68111,,
4/13/2021,30959459,53239,,
4/14/2021,31019894,60435,27%,23%
4/15/2021,31092100,72206,,
4/16/2021,31162754,70654,,
4/17/2021,31234252,71498,,
4/18/2021,31305326,71074,,
4/19/2021,31382538,77212,,
4/20/2021,31431875,49337,,
4/21/2021,31467156,35281,,
4/22/2021,31524474,57318,,
4/23/2021,31587523,63049,,
4/24/2021,31649002,61479,,
4/25/2021,31711421,62419,,
4/26/2021,31763119,51698,,
4/27/2021,31803966,40847,,
4/28/2021,31834165,30199,27%,22%
4/29/2021,31884478,50313,,
4/30/2021,31938874,54396,,
5/1/2021,31994517,55643,,
5/2/2021,32049828,55311,,
5/3/2021,32098180,48352,,
5/4/2021,32134773,36593,,
5/5/2021,32167726,32953,,
5/6/2021,32210278,42552,,
5/7/2021,32254819,44541,,
5/8/2021,32297511,42692,,
5/9/2021,32342152,44641,,
5/10/2021,32379173,37021,,
5/11/2021,32406711,27538,,
5/12/2021,32431094,24383,26%,22%
5/13/2021,32464167,33073,,
5/14/2021,32499951,35784,,
5/15/2021,32540386,40435,,
5/16/2021,32575502,35116,,
5/17/2021,32605339,29837,,
5/18/2021,32626714,21375,,
5/19/2021,32646167,19453,,
5/20/2021,32673806,27639,,
5/21/2021,32701297,27491,,
5/22/2021,32729245,27948,,
5/23/2021,32757111,27866,,
5/24/2021,32779335,22224,,
5/25/2021,32795365,16030,,
5/26/2021,32810126,14761,25%,21%
5/27/2021,32834697,24571,,
5/28/2021,32858172,23475,,
5/29/2021,32880142,21970,,
5/30/2021,32904922,24780,,
5/31/2021,32920550,15628,,
6/1/2021,32932900,12350,,
6/2/2021,32942308,9408,,
6/3/2021,32951243,8935,,
6/4/2021,32967291,16048,,
6/5/2021,32985442,18151,,
6/6/2021,33004034,18592,,
6/7/2021,33018768,14734,,
6/8/2021,33029852,11084,,
6/9/2021,33039750,9898,26%,22%
6/10/2021,33054064,14314,,
6/11/2021,33073704,19640,,
6/12/2021,33089628,15924,,
6/13/2021,33103599,13971,,
6/14/2021,33115949,12350,,
6/15/2021,33124670,8721,,
6/16/2021,33132945,8275,,
6/17/2021,33145561,12616,,
6/18/2021,33158781,13220,,
6/19/2021,33172265,13484,,
6/20/2021,33184226,11961,,
6/21/2021,33196576,12350,,
6/22/2021,33205623,9047,,
6/23/2021,33214191,8568,25%,21%
6/24/2021,33227479,13288,,
6/25/2021,33241320,13841,,
6/26/2021,33256892,15572,,
6/27/2021,33271863,14971,,
6/28/2021,33285157,13294,,
6/29/2021,33295833,10676,,
6/30/2021,33306271,10438,,
7/1/2021,33321785,15514,,
7/2/2021,33333424,11639,,
7/3/2021,33352010,18586,,
7/4/2021,33368900,16890,,
7/5/2021,33382089,13189,,
7/6/2021,33392548,10459,,
7/7/2021,33401695,9147,,
7/8/2021,33421657,19962,,
7/9/2021,33444293,22636,,
7/10/2021,33627831,183538,,
7/11/2021,33655410,27579,,
7/12/2021,33676285,20875,,
7/13/2021,33693007,16722,,
7/14/2021,33721899,28892,,
7/15/2021,33756877,34978,,
7/16/2021,33795176,38299,,
7/17/2021,33835731,40555,,
7/18/2021,33877989,42258,,
7/19/2021,33910128,32139,,
7/20/2021,33938121,27993,,
7/21/2021,33983316,45195,27%,22%
7/22/2021,34034356,51040,,
7/23/2021,34095669,61313,,
7/24/2021,34167377,71708,,
7/25/2021,34237016,69639,,
7/26/2021,34290811,53795,,
7/27/2021,34334017,43206,,
7/28/2021,34405262,71245,,
7/29/2021,34491067,85805,,
7/30/2021,34580216,89149,,
7/31/2021,34679583,99367,,
8/1/2021,34784102,104519,,
8/2/2021,34864669,80567,,
8/3/2021,34925857,61188,,
8/4/2021,35028266,102409,27%,21%
8/5/2021,35138549,110283,,
8/6/2021,35265382,126833,,
8/7/2021,35393236,127854,,
8/8/2021,35527158,133922,,
8/9/2021,35647410,120252,,
8/10/2021,35744200,96790,,
8/11/2021,35837250,93050,,
8/12/2021,35972677,135427,,
8/13/2021,36116156,143479,,
8/14/2021,36267317,151161,,
8/15/2021,36413622,146305,,
8/16/2021,36553470,139848,,
8/17/2021,36664182,110712,,
8/18/2021,36773137,108955,28%,23%
8/19/2021,36923585,150448,,
8/20/2021,37091747,168162,,
8/21/2021,37266129,174382,,
8/22/2021,37433588,167459,,
8/23/2021,37575412,141824,,
8/24/2021,37699893,124481,,
8/25/2021,37820718,120825,,
8/26/2021,37983132,162414,,
8/27/2021,38160036,176904,,
8/28/2021,38346307,186271,,
8/29/2021,38528478,182171,,
8/30/2021,38678500,150022,,
8/31/2021,38794172,115672,28%,22%
9/1/2021,38932772,138600,,
9/2/2021,39109573,176801,,
9/3/2021,39307200,197627,,
9/4/2021,39490617,183417,,
9/5/2021,39672729,182112,,
9/6/2021,39814491,141762,,
9/7/2021,39937573,123082,,
9/8/2021,40053577,116004,,
9/9/2021,40168253,114676,,
9/10/2021,40339494,171241,,
9/11/2021,40523208,183714,,
9/12/2021,40695299,172091,,
9/13/2021,40848842,153543,,
9/14/2021,40962680,113838,,
9/15/2021,41081651,118971,28%,22%
9/16/2021,41243798,162147,,
9/17/2021,41406926,163128,,
9/18/2021,41574261,167335,,
9/19/2021,41732753,158492,,
9/20/2021,41855327,122574,,
9/21/2021,41949971,94644,,
9/22/2021,42048349,98378,,
9/23/2021,42181330,132981,,
9/24/2021,42314060,132730,,
9/25/2021,42452316,138256,,
9/26/2021,42585047,132731,,
9/27/2021,42681213,96166,,
9/28/2021,42756451,75238,,
9/29/2021,42863770,107319,27%,22%
9/30/2021,42979222,115452,,
10/1/2021,43096019,116797,,
10/2/2021,43220061,124042,,
10/3/2021,43340735,120674,,
10/4/2021,43422703,81968,,
10/5/2021,43489342,66639,,
10/6/2021,43581158,91816,,
10/7/2021,43682957,101799,,
10/8/2021,43801180,118223,,
10/9/2021,43914218,113038,,
10/10/2021,44022719,108501,,
10/11/2021,44093308,70589,,
10/12/2021,44151757,58449,,
10/13/2021,44229718,77961,,
10/14/2021,44319356,89638,,
10/15/2021,44415668,96312,,
10/16/2021,44512539,96871,,
10/17/2021,44604956,92417,,
10/18/2021,44667958,63002,,
10/19/2021,44715603,47645,,
10/20/2021,44787925,72322,,
10/21/2021,44868520,80595,,
10/22/2021,44945054,76534,,
10/23/2021,45032625,87571,,
10/24/2021,45113499,80874,,
10/25/2021,45149613,36114,,
10/26/2021,45177670,28057,,
10/27/2021,45262130,84460,,
10/28/2021,45363917,101787,,
10/29/2021,45448116,84199,,
10/30/2021,45551237,103121,,
10/31/2021,45639685,88448,,
11/1/2021,45674635,34950,,
11/2/2021,45699982,25347,,
11/3/2021,45817829,117847,,
11/4/2021,45892422,74593,,
11/5/2021,45971188,78766,,
11/6/2021,46060038,88850,,
11/7/2021,46149896,89858,,
11/8/2021,46185883,35987,,
11/9/2021,46217407,31524,,
11/10/2021,46333798,116391,,
11/11/2021,46416681,82883,,
11/12/2021,46510430,93749,,
11/13/2021,46584077,73647,,
11/14/2021,46707076,122999,,
11/15/2021,46776352,69276,,
11/16/2021,46809945,33593,,
11/17/2021,46943535,133590,,
11/18/2021,47040450,96915,,
11/19/2021,47146260,105810,,
11/20/2021,47270130,123870,,
11/21/2021,47383952,113822,,
11/22/2021,47430146,46194,,
11/23/2021,47468897,38751,,
11/24/2021,47614275,145378,,
11/25/2021,47715341,101066,,
11/26/2021,47821876,106535,,
11/27/2021,47894599,72723,,
11/28/2021,47976346,81747,,
11/29/2021,48028146,51800,,
11/30/2021,48084683,56537,,
12/1/2021,48178162,93479,27%,21%
12/2/2021,48298852,120690,,
12/3/2021,48431927,133075,,
12/4/2021,48575796,143869,,
12/5/2021,48727363,151567,,
12/6/2021,48794715,67352,,
12/7/2021,48850029,55314,,
12/8/2021,49034072,184043,,
12/9/2021,49159620,125548,,
12/10/2021,49289328,129708,,
12/11/2021,49426759,137431,,
12/12/2021,49562332,135573,,
12/13/2021,49626299,63967,,
12/14/2021,49684408,58109,,
12/15/2021,49870091,185683,,
12/16/2021,49995533,125442,,
12/17/2021,50142010,146477,,
12/18/2021,50304678,162668,,
12/19/2021,50461441,156763,,
12/20/2021,50549025,87584,,
12/21/2021,50651238,102213,,
12/22/2021,50917397,266159,,
12/23/2021,51120715,203318,,
12/24/2021,51358598,237883,,
12/25/2021,51637410,278812,,
12/26/2021,51878860,241450,,
12/27/2021,51994684,115824,,
12/28/2021,52205968,211284,,
12/29/2021,52670463,464495,28%,23%
12/30/2021,53059977,389514,,
12/31/2021,53534286,474309,,
1/1/2022,54118933,584647,,
1/2/2022,54590898,471965,,
1/3/2022,54893855,302957,,
1/4/2022,55284713,390858,,
1/5/2022,56187104,902391,,
1/6/2022,56919618,732514,,
1/7/2022,57622408,702790,,
1/8/2022,58420844,798436,,
1/9/2022,59273795,852951,,
1/10/2022,59722538,448743,,
1/11/2022,60209079,486541,,
1/12/2022,61474599,1265520,,
1/13/2022,62278138,803539,,
1/14/2022,63134018,855880,,
1/15/2022,64026321,892303,,
1/16/2022,64924728,898407,,
1/17/2022,65390685,465957,,
1/18/2022,65809422,418737,,
1/19/2022,66777887,968465,,
1/20/2022,67634180,856293,,
1/21/2022,68414646,780466,,
1/22/2022,69191136,776490,,
1/23/2022,69967616,776480,,
1/24/2022,70296180,328564,,
1/25/2022,70611127,314947,,
1/26/2022,71622275,1011148,27%,22%
1/27/2022,72115507,493232,,
1/28/2022,72660732,545225,,
1/29/2022,73233552,572820,,
1/30/2022,73756878,523326,,
1/31/2022,73979050,222172,,
2/1/2022,74137264,158214,,
2/2/2022,74713785,576521,,
2/3/2022,75010243,296458,,
2/4/2022,75313648,303405,,
2/5/2022,75663698,350050,,
2/6/2022,75945588,281890,,
2/7/2022,76050350,104762,,
2/8/2022,76146928,96578,,
2/9/2022,76452286,305358,,
2/10/2022,76650207,197921,,
2/11/2022,76846601,196394,,
2/12/2022,77012391,165790,,
2/13/2022,77167700,155309,,
2/14/2022,77235588,67888,,
2/15/2022,77283492,47904,,
2/16/2022,77457785,174293,,
2/17/2022,77565865,108080,,
2/18/2022,77671579,105714,,
2/19/2022,77772054,100475,,
2/20/2022,77875856,103802,,
2/21/2022,77916653,40797,,
2/22/2022,77947827,31174,,
2/23/2022,77996240,48413,,
2/24/2022,78111262,115022,,
2/25/2022,78184924,73662,,
2/26/2022,78259986,75062,,
2/27/2022,78334128,74142,,
2/28/2022,78359790,25662,,
3/1/2022,78377959,18169,,
3/2/2022,78454196,76237,27%,22%
3/3/2022,78518015,63819,,
3/4/2022,78570799,52784,,
3/5/2022,78622421,51622,,
3/6/2022,78666637,44216,,
3/7/2022,78680929,14292,,
3/8/2022,78689870,8941,,
3/9/2022,78747147,57277,,
3/10/2022,78778319,31172,,
3/11/2022,78824429,46110,,
3/12/2022,78864027,39598,,
3/13/2022,78900969,36942,,
3/14/2022,78913128,12159,,
3/15/2022,78922254,9126,,
3/16/2022,78983223,60969,,
3/17/2022,79007718,24495,,
3/18/2022,79045546,37828,,
3/19/2022,79078705,33159,,
3/20/2022,79109709,31004,,
3/21/2022,79119590,9881,,
3/22/2022,79129628,10038,,
3/23/2022,79168456,38828,,
3/24/2022,79193227,24771,,
3/25/2022,79238387,45160,,
3/26/2022,79274464,36077,,
3/27/2022,79303178,28714,,
3/28/2022,79315689,12511,,
3/29/2022,79325442,9753,,
3/30/2022,79357869,32427,27%,22%
3/31/2022,79381947,24078,,
4/1/2022,79430186,48239,,
4/2/2022,79470249,40063,,
4/3/2022,79497642,27393,,
4/4/2022,79509319,11677,,
4/5/2022,79519867,10548,,
4/6/2022,79546797,26930,,
4/7/2022,79580171,33374,,
4/8/2022,79622427,42256,,
4/9/2022,79656233,33806,,
4/10/2022,79698834,42601,,
4/11/2022,79712887,14053,,
4/12/2022,79730201,17314,,
4/13/2022,79764772,34571,,
4/14/2022,79793561,28789,,
4/15/2022,79839710,46149,,
4/16/2022,79902418,62708,,
4/17/2022,79946773,44355,,
4/18/2022,79963590,16817,,
4/19/2022,79982357,18767,,
4/20/2022,80018360,36003,,
4/21/2022,80071778,53418,,
4/22/2022,80129186,57408,,
4/23/2022,80178695,49509,,
4/24/2022,80247494,68799,,
4/25/2022,80270952,23458,,
4/26/2022,80292055,21103,,
4/27/2022,80341913,49858,27%,22%
4/28/2022,80406327,64414,,
4/29/2022,80483472,77145,,
4/30/2022,80545387,61915,,
5/1/2022,80626043,80656,,
5/2/2022,80651982,25939,,
5/3/2022,80678756,26774,,
5/4/2022,80742856,64100,,
5/5/2022,80815422,72566,,
5/6/2022,80915959,100537,,
5/7/2022,80995969,80010,,
5/8/2022,81091701,95732,,
5/9/2022,81119219,27518,,
5/10/2022,81150972,31753,,
5/11/2022,81251954,100982,,
5/12/2022,81352203,100249,,
5/13/2022,81479998,127795,,
5/14/2022,81578703,98705,,
5/15/2022,81696656,117953,,
5/16/2022,81725755,29099,,
5/17/2022,81771982,46227,,
5/18/2022,81895377,123395,,
5/19/2022,82024991,129614,,
5/20/2022,82171411,146420,,
5/21/2022,82281141,109730,,
5/22/2022,82431151,150010,,
5/23/2022,82467557,36406,,
5/24/2022,82512436,44879,,
5/25/2022,82623309,110873,,
5/26/2022,82756651,133342,,
5/27/2022,82910567,153916,,
5/28/2022,83023741,113174,,
5/29/2022,83171871,148130,,
5/30/2022,83207922,36051,,
5/31/2022,83243387,35465,,
6/1/2022,83298912,55525,29%,22%
6/2/2022,83454894,155982,,
6/3/2022,83595845,140951,,
6/4/2022,83707404,111559,,
6/5/2022,83847498,140094,,
6/6/2022,83894969,47471,,
6/7/2022,83938284,43315,,
6/8/2022,84037948,99664,,
6/9/2022,84190255,152307,,
6/10/2022,84334814,144559,,
6/11/2022,84440779,105965,,
6/12/2022,84588542,147763,,
6/13/2022,84626249,37707,,
6/14/2022,84664970,38721,,
6/15/2022,84756328,91358,,
6/16/2022,84894338,138010,,
6/17/2022,85037513,143175,,
6/18/2022,85135087,97574,,
6/19/2022,85260798,125711,,
6/20/2022,85296651,35853,,
6/21/2022,85332168,35517,,
6/22/2022,85384412,52244,,
6/23/2022,85570904,186492,,
6/24/2022,85705102,134198,,
6/25/2022,85806971,101869,,
6/26/2022,85970435,163464,,
6/27/2022,86014447,44012,,
6/28/2022,86058625,44178,,
6/29/2022,86155155,96530,29%,23%
6/30/2022,86309948,154793,,
7/1/2022,86458907,148959,,
7/2/2022,86571763,112856,,
7/3/2022,86744207,172444,,
7/4/2022,86792385,48178,,
7/5/2022,86838581,46196,,
7/6/2022,86884328,45747,,
7/7/2022,87054017,169689,,
7/8/2022,87199768,145751,,
7/9/2022,87320363,120595,,
7/10/2022,87487976,167613,,
7/11/2022,87543553,55577,,
7/12/2022,87600689,57136,,
7/13/2022,87714345,113656,,
7/14/2022,87898480,184135,,
7/15/2022,88054481,156001,,
7/16/2022,88193464,138983,,
7/17/2022,88376205,182741,,
7/18/2022,88433782,57577,,
7/19/2022,88489852,56070,,
7/20/2022,88591539,101687,,
7/21/2022,88770914,179375,,
7/22/2022,88929798,158884,,
7/23/2022,89078243,148445,,
7/24/2022,89284900,206657,,
7/25/2022,89338159,53259,,
7/26/2022,89392758,54599,,
7/27/2022,89499161,106403,28%,22%
7/28/2022,89667841,168680,,
7/29/2022,89828672,160831,,
7/30/2022,89973506,144834,,
7/31/2022,90232883,259377,,
8/1/2022,90270796,37913,,
8/2/2022,90308740,37944,,
8/3/2022,90427778,119038,,
8/4/2022,90589127,161349,,
8/5/2022,90738962,149835,,
8/6/2022,90870365,131403,,
8/7/2022,91020934,150569,,
8/8/2022,91054175,33241,,
8/9/2022,91086982,32807,,
8/10/2022,91185609,98627,,
8/11/2022,91322877,137268,,
8/12/2022,91461235,138358,,
8/13/2022,91586357,125122,,
8/14/2022,91722552,136195,,
8/15/2022,91753141,30589,,
8/16/2022,91774239,21098,,
8/17/2022,91873580,99341,,
8/18/2022,92000206,126626,,
8/19/2022,92120222,120016,,
8/20/2022,92234527,114305,,
8/21/2022,92367477,132950,,
8/22/2022,92396101,28624,,
8/23/2022,92423998,27897,,
8/24/2022,92505698,81700,,
8/25/2022,92621684,115986,,
8/26/2022,92752272,130588,,
8/27/2022,92862365,110093,,
8/28/2022,92977806,115441,,
8/29/2022,93006982,29176,,
8/30/2022,93034055,27073,,
8/31/2022,93112303,78248,,
9/1/2022,93228515,116212,,
9/2/2022,93349447,120932,,
9/3/2022,93453039,103592,,
9/4/2022,93558169,105130,,
9/5/2022,93583081,24912,,
9/6/2022,93607336,24255,,
9/7/2022,93629782,22446,,
9/8/2022,93748776,118994,,
9/9/2022,93840466,91690,,
9/10/2022,93925737,85271,,
9/11/2022,94007678,81941,,
9/12/2022,94029809,22131,,
9/13/2022,94050025,20216,,
9/14/2022,94107940,57915,32%,24%
9/15/2022,94165923,57983,,
9/16/2022,94255442,89519,,
9/17/2022,94353005,97563,,
9/18/2022,94414579,61574,,
9/19/2022,94432151,17572,,
9/20/2022,94452339,20188,,
9/21/2022,94497133,44794,,
9/22/2022,94546727,49594,,
9/23/2022,94630706,83979,,
9/24/2022,94729904,99198,,
9/25/2022,94783304,53400,,
9/26/2022,94799175,15871,,
9/27/2022,94814470,15295,,
9/28/2022,94852112,37642,,
9/29/2022,94892499,40387,,
9/30/2022,94970674,78175,,
10/1/2022,95057826,87152,,
10/2/2022,95104538,46712,,
10/3/2022,95116740,12202,,
10/4/2022,95130596,13856,,
10/5/2022,95162964,32368,31%,25%
10/6/2022,95200619,37655,,
10/7/2022,95264812,64193,,
10/8/2022,95343411,78599,,
10/9/2022,95385122,41711,,
10/10/2022,95396455,11333,,
10/11/2022,95409675,13220,,
10/12/2022,95434094,24419,,
10/13/2022,95472250,38156,,
10/14/2022,95529714,57464,,
10/15/2022,95602703,72989,,
10/16/2022,95636402,33699,,
10/17/2022,95642452,6050,,
10/18/2022,95653603,11151,,
10/19/2022,95687463,33860,,
10/20/2022,95726462,38999,,
10/21/2022,95726462,0,,
10/22/2022,95920136,193674,,
10/23/2022,95920136,0,,
10/24/2022,95920136,0,,
10/25/2022,95920136,0,,
10/26/2022,95920136,0,,
10/27/2022,95920136,0,,
10/28/2022,96175292,255156,,
10/29/2022,96175292,0,,
10/30/2022,96175292,0,,
10/31/2022,96175292,0,,
11/1/2022,96175292,0,,
11/2/2022,96175292,0,31%,24%
11/3/2022,96175292,0,,
11/4/2022,96442596,267304,,
11/5/2022,96442596,0,,
11/6/2022,96442596,0,,
11/7/2022,96442596,0,,
11/8/2022,96442596,0,,
11/9/2022,96442596,0,,
11/10/2022,96442596,0,,
11/11/2022,96725493,282897,,
11/12/2022,96725493,0,,
11/13/2022,96725493,0,,
11/14/2022,96725493,0,,
11/15/2022,96725493,0,,
11/16/2022,96725493,0,,
11/17/2022,96725493,0,,
11/18/2022,97000477,274984,,
11/19/2022,97000477,0,,
11/20/2022,97000477,0,,
11/21/2022,97000477,0,,
11/22/2022,97000477,0,,
11/23/2022,97000477,0,,
11/24/2022,97000477,0,,
11/25/2022,97300648,300171,,
11/26/2022,97300648,0,,
11/27/2022,97300648,0,,
11/28/2022,97300648,0,,
11/29/2022,97300648,0,,
11/30/2022,97300648,0,,
12/1/2022,97300648,0,,
12/2/2022,97603247,302599,,
12/3/2022,97603247,0,,
12/4/2022,97603247,0,,
12/5/2022,97603247,0,,
12/6/2022,97603247,0,,
12/7/2022,97603247,0,,
12/8/2022,97603247,0,,
12/9/2022,98065470,462223,29%,24%
12/10/2022,98065470,0,,
12/11/2022,98065470,0,,
12/12/2022,98065470,0,,
12/13/2022,98065470,0,,
12/14/2022,98065470,0,,
12/15/2022,98065470,0,28%,22%
12/16/2022,98511484,446014,,
12/17/2022,98511484,0,,
12/18/2022,98511484,0,,
12/19/2022,98511484,0,,
12/20/2022,98511484,0,28%,22%
12/21/2022,98511484,0,,
12/22/2022,98511484,0,,
12/23/2022,99019493,508009,,
12/24/2022,99019493,0,,
12/25/2022,99019493,0,,
12/26/2022,99019493,0,,
12/27/2022,99019493,0,28%,22%
12/28/2022,99019493,0,,
12/29/2022,99019493,0,,
12/30/2022,99411696,392203,,
12/31/2022,99411696,0,28%,21%